,Issue,Ingredient(s),Benefits
,Hair fall,Bhringraj (Eclipta alba),"Strengthens hair roots, reduces hair fall, promotes growth"
,Dandruff,Neem (Azadirachta indica),"Anti-fungal, reduces scalp itching and flakiness"
,Dry scalp,Coconut oil (Cocos nucifera),Deeply moisturizes and nourishes the scalp
,Split ends,Amla (Indian gooseberry),"Conditions hair, prevents breakage, and repairs split ends"
,Premature graying,Bhringraj and Amla,"Delays graying, darkens hair, and improves hair texture"
,Frizzy hair,Hibiscus (Hibiscus rosa-sinensis),"Smoothens hair, reduces frizz, and adds shine"
,Scalp infections,Turmeric (Curcuma longa),"Anti-bacterial, reduces scalp infections and inflammation"
,Thinning hair,Fenugreek seeds (Trigonella foenum-graecum),Promotes hair thickness and density
,Oily scalp,Shikakai (Acacia concinna),"Cleanses excess oil, balances scalp pH"
,Hair breakage,Aloe vera,"Strengthens hair strands, reduces breakage"
,Slow hair growth,Onion juice,"Stimulates hair follicles, promotes faster growth"
,Itchy scalp,Tea tree oil,"Soothes itching, reduces scalp irritation"
,Hair thinning at crown,Rosemary oil,"Improves blood circulation, promotes hair regrowth"
,Heat damage,Brahmi (Bacopa monnieri),"Repairs heat-damaged hair, strengthens strands"
,Hair loss due to stress,Ashwagandha (Withania somnifera),"Reduces stress, promotes hair regrowth"
,Dry and brittle hair,Sesame oil (Sesamum indicum),Deeply nourishes and conditions dry hair
,Hair darkening,Henna (Lawsonia inermis),"Natural hair dye, conditions and darkens hair"
,Scalp psoriasis,Aloe vera and Neem,"Reduces inflammation, soothes scalp psoriasis"
,Hair damage from pollution,Tulsi (Holy basil),"Detoxifies scalp, protects hair from pollution"
,Lack of hair volume,Bhringraj and Hibiscus,"Adds volume, thickens hair strands"
,Hair loss due to hormonal imbalance,Shatavari (Asparagus racemosus),"Balances hormones, reduces hair loss"
,Hair dullness,Amla and Lemon juice,"Adds shine, brightens hair"
,Hair tangling,Coconut oil and Hibiscus,"Detangles hair, makes it smooth and manageable"
,Hair damage from chemicals,Bhringraj and Aloe vera,"Repairs chemical damage, restores hair health"
,Hair loss after pregnancy,Fenugreek and Amla,"Promotes regrowth, restores hair health post-pregnancy"
,Scalp acne,Neem and Tea tree oil,"Reduces scalp acne, clears clogged pores"
,Hair thinning due to aging,Ashwagandha and Bhringraj,"Rejuvenates hair, reduces age-related thinning"
,Hair loss due to dandruff,Neem and Shikakai,"Treats dandruff, reduces hair fall"
,Hair damage from hard water,Amla and Lemon juice,"Removes hard water buildup, restores hair health"
,Hair loss due to thyroid issues,Ashwagandha and Brahmi,"Balances thyroid, reduces hair loss"
,Hair dryness in winter,Coconut oil and Amla,"Prevents winter dryness, keeps hair moisturized"
,Hair loss due to vitamin deficiency,Amla and Bhringraj,"Rich in vitamins, promotes hair growth"
,Hair damage from styling tools,Brahmi and Aloe vera,Repairs heat and styling damage
,Hair loss due to alopecia,Onion juice and Rosemary oil,"Stimulates follicles, promotes regrowth"
,Hair thinning due to poor diet,Fenugreek and Ashwagandha,"Improves hair health, promotes thickness"
,Hair damage from chlorine,Coconut oil and Lemon juice,"Removes chlorine buildup, restores hair health"
,Hair loss due to scalp fungus,Neem and Tea tree oil,"Anti-fungal, treats scalp infections"
,Hair damage from over-washing,Bhringraj and Coconut oil,"Restores natural oils, prevents over-drying"
,Hair loss due to iron deficiency,Amla and Fenugreek,"Rich in iron, promotes hair growth"
,Hair damage from UV rays,Brahmi and Aloe vera,"Protects hair from UV damage, repairs sun damage"
,"Dryness, dullness",Rice bran,Cleansing and moisturizing
,"Wrinkles, fine lines",Retinols,Anti-aging
,"Dryness, aging",Argan oil,Moisturizing & anti-aging
,"Dullness, hyperpigmentation",Vitamin C,Brightening & anti-aging
,"Dryness, uneven skin tone",Vitamin B3,Moisturizing & Brightening
,"Redness, inflammation",Green tea,Anti-inflammatory & antioxidant
,"Dryness, aging",Algae extracts,Moisturizing & anti-aging
,"Dryness, aging",Ahnfeltia concha extract,Moisturizing & anti-aging
,"Inflammation, dullness",Spirulina extract,Anti-inflammatory & antioxidant
,"Redness, inflammation",Astaxanthin,Anti-inflammatory & antioxidant
,"Dryness, aging",Gigartina skottsbergii,Moisturizing & anti-aging
,"Dryness, aging",Undaria pinnatifida,Moisturizing & anti-aging
,"Dryness, aging",Brown algae,Moisturizing & anti-aging
,"Dullness, redness",Green algae,Brightening & anti-inflammatory
,"Inflammation, dullness",Chlorella,Anti-inflammatory & detoxifying
,"Dryness, redness",Jojoba oil,Moisturizing & anti-inflammatory
,"Dryness, redness",Squalane oil,Moisturizing & anti-inflammatory
,"Dryness, scars",Rosehip oil,Moisturizing & anti-inflammatory
,"Dryness, dullness",Grapeseed oil,Moisturizing & antioxidant
,"Dryness, redness",Shea butter,Moisturizing & anti-inflammatory
,"Dryness, redness",Mango butter,Moisturizing & anti-inflammatory
,"Dryness, aging",Marula oil,"Hydration, anti-aging, & anti-inflammatory"
,"Dryness, sensitivity",Olive oil,Moisturizing & antioxidant
,"Dryness, redness",Sunflower seed oil,Hydration & anti-inflammatory
,"Dryness, inflammation",Pomegranate seed oil,"Anti-inflammatory, antioxidant, &"
,"Dryness, aging",Baobab oil,"Nourishing, moisturizing, & anti-aging"
,"Dryness, scars, redness",Sea buckthorn oil,"Moisturizing, antioxidant, & anti-inflammatory"
,"Dryness, dullness",Camellia seed oil,Hydration & antioxidant
,"Dryness, aging",Meadowfoam seed oil,Moisturizing & anti-aging
,"Inflammation, scars",Tamanu oil,"Anti-inflammatory, antioxidant, &"
,"Dryness, redness",Chia seed oil,Anti-inflammatory & antioxidant
,"Dryness, sensitivity",Sweet almond oil,"Moisturizing, anti-aging, & anti-inflammatory"
,"Dryness, aging",Avocado oil,Moisturizing & anti-inflammatory
,"Redness, inflammation",Aloe vera,"Soothing, anti-inflammatory"